vessel_key,vessel_id,vessel_name,vessel_category,build_year
Passenger_89,89,Brenda Soto,Passenger,2008
Container_774,774,Susan Garrett,Container,1907
Container_655,655,Stephanie Johnson,Container,1949
Passenger_439,439,Laura Williams,Passenger,1956
Tanker_433,433,Steven Mack,Tanker,1998
Passenger_859,859,Jennifer Ortiz,Passenger,1915
Passenger_86,86,Lori Smith,Passenger,1953
Container_698,698,Margaret Foster,Container,1918
Container_201,201,Amy Chan,Container,1997
Container_94,94,Monica Hernandez,Container,1978
Cargo_527,527,Craig Chambers,Cargo,1961
Passenger_976,976,Karen Rodriguez,Passenger,1948
Tanker_736,736,Caleb Randall,Tanker,1918
Cargo_761,761,Andrew Smith,Cargo,2014
Container_718,718,Benjamin Lucero,Container,1980
Passenger_786,786,Johnny Craig,Passenger,1939
Cargo_513,513,Michael Williams,Cargo,1951
Cargo_128,128,Bryan Boyd,Cargo,1990
Tanker_840,840,Kimberly Ward,Tanker,1989
Tanker_450,450,Martin Richard,Tanker,1957
Tanker_500,500,Cynthia Rodriguez,Tanker,1937
Tanker_371,371,Anthony Fernandez,Tanker,1981
Passenger_182,182,Steven Moreno,Passenger,1981
Passenger_927,927,Ashley Weaver,Passenger,1974
Passenger_782,782,Ryan Atkinson,Passenger,1909
Tanker_644,644,Sara Walters,Tanker,1958
Tanker_402,402,David Brown,Tanker,1976
Cargo_823,823,Frank Garcia,Cargo,2017
Container_545,545,William Ellis,Container,1965
Cargo_443,443,Christopher May,Cargo,1942
Cargo_450,450,Rachel Bradshaw,Cargo,1968
Tanker_227,227,Ashley Melton,Tanker,1921
Container_92,92,Mrs. Wendy Curry,Container,1911
Cargo_555,555,Stacy Ingram,Cargo,1984
Tanker_888,888,Elizabeth Roberts,Tanker,2022
Container_63,63,Michael Snyder,Container,2004
Passenger_859_2,859,Katherine Ponce,Passenger,1972
Tanker_828,828,Aaron Khan,Tanker,1904
Cargo_277,277,Regina Williams,Cargo,2022
Passenger_632,632,Amanda Williamson,Passenger,1955
Container_165,165,Melissa Tyler,Container,1935
Passenger_758,758,Brett Trujillo,Passenger,2010
Cargo_701,701,Matthew Williams,Cargo,1992
Cargo_354,354,Jessica Thomas,Cargo,1992
Container_67,67,David Herrera,Container,1934
Tanker_971,971,Larry Martinez,Tanker,2022
Tanker_446,446,Cassandra Banks,Tanker,1956
Container_894,894,Tiffany Hunter,Container,1965
Container_678,678,Amber Jackson,Container,1993
Tanker_779,779,Rodney Warren,Tanker,1981
Container_760,760,Isabella Romero,Container,1921
Cargo_194,194,Catherine Martin,Cargo,1937
Container_364,364,Jeremy Barnett,Container,1944
Passenger_467,467,Nicolas Jackson,Passenger,2017
Tanker_498,498,William Garcia,Tanker,1988
Passenger_43,43,Rebecca Chandler,Passenger,1945
Cargo_547,547,Christine Thompson,Cargo,1991
Passenger_154,154,Daniel Sandoval,Passenger,1991
Cargo_744,744,Mr. Austin Butler,Cargo,1948
Cargo_683,683,Lisa Dunn,Cargo,1949
Passenger_923,923,Kenneth Lindsey,Passenger,2010
Container_745,745,Molly Davenport,Container,1969
Tanker_367,367,Randy Holmes,Tanker,1918
Container_968,968,Angela Rowe,Container,1989
Passenger_411,411,John Washington,Passenger,1973
Cargo_326,326,Nicole Mann,Cargo,1963
Passenger_906,906,Roberto Cook,Passenger,1989
Container_370,370,Amber Allen,Container,2012
Cargo_76,76,Antonio Brown,Cargo,1940
Tanker_470,470,Juan Nelson,Tanker,1951
Container_796,796,Amy Thomas,Container,1923
Tanker_189,189,Scott Norris,Tanker,1980
Passenger_463,463,Fred Cunningham,Passenger,1949
Container_130,130,Tina Sharp,Container,1942
Cargo_687,687,Alex Phillips,Cargo,1986
Tanker_476,476,Daniel Barnes,Tanker,1950
Container_330,330,Stephen Hernandez,Container,1957
Tanker_227_2,227,Matthew Suarez,Tanker,1954
Cargo_565,565,Robert Barker,Cargo,1932
Passenger_670,670,Joshua Nixon,Passenger,1915
Passenger_941,941,Heather Garcia,Passenger,2002
Passenger_437,437,Valerie Ingram,Passenger,1911
Passenger_160,160,Jodi Hernandez,Passenger,1940
Container_833,833,Vincent Davis,Container,1982
Tanker_630,630,Jennifer Mendoza,Tanker,1916
Passenger_700,700,Cynthia Huff,Passenger,1981
Passenger_97,97,James Cross,Passenger,1990
Passenger_312,312,Steven Mckinney,Passenger,1982
Container_768,768,Kevin Smith,Container,1937
Tanker_833,833,Jason Mitchell,Tanker,1902
Container_435,435,Diamond Tanner,Container,2010
Cargo_805,805,Robin Clark,Cargo,1940
Passenger_842,842,Michelle Brooks,Passenger,1999
Cargo_387,387,Megan Hogan,Cargo,1924
Cargo_898,898,Melanie Stafford,Cargo,1920
Tanker_288,288,David Farmer,Tanker,1996
Passenger_239,239,Nathaniel Thompson,Passenger,2016
Passenger_683,683,Dr. David Wilson DDS,Passenger,2006
Tanker_637,637,Shannon Bailey,Tanker,1993
Cargo_139,139,Robert George,Cargo,1930
Cargo_833,833,Kendra Dudley,Cargo,2013
Cargo_200,200,Tammy Bartlett,Cargo,1982
Passenger_805,805,Adam Hoover,Passenger,1921
Tanker_7,7,Nicholas Galvan,Tanker,1916
Cargo_797,797,Sherri Shaw,Cargo,2008
Tanker_787,787,Carrie Nunez,Tanker,1934
Tanker_781,781,Brian Walton,Tanker,1994
Passenger_665,665,James Ross,Passenger,1917
Passenger_472,472,Gregory Reid,Passenger,1934
Tanker_705,705,Mary Smith,Tanker,1935
Container_277,277,Kimberly Chan,Container,1934
Tanker_781_2,781,Karen Zuniga,Tanker,1983
Tanker_556,556,Rachel Robinson,Tanker,2013
Cargo_459,459,Penny Diaz,Cargo,2012
Tanker_506,506,Thomas Duncan,Tanker,1991
Cargo_569,569,Amanda Strong,Cargo,1925
Passenger_37,37,Tracy Fisher,Passenger,2019
Container_139,139,James Stanley,Container,1967
Container_245,245,Steven Ryan,Container,1967
Cargo_114,114,Jeffrey Riley,Cargo,1986
Tanker_440,440,Sarah Richardson,Tanker,1995
Tanker_669,669,Alexander Smith,Tanker,2018
Cargo_655,655,Scott Gray,Cargo,1972
Tanker_471,471,Tammy Blevins,Tanker,1975
Passenger_855,855,Gregory Walker,Passenger,1992
Passenger_565,565,Kimberly West,Passenger,1931
Passenger_79,79,Scott Anderson,Passenger,1938
Container_765,765,Latasha Haas,Container,1977
Container_575,575,Martin Clark,Container,1907
Container_635,635,Tyler Mcbride,Container,1939
Cargo_565_2,565,Patricia Cervantes,Cargo,1989
Container_554,554,Donald Mills,Container,2021
Passenger_90,90,Keith Cox,Passenger,1964
Passenger_559,559,William Bowman,Passenger,1949
Container_795,795,Christina Parker,Container,1954
Tanker_304,304,Manuel Riley,Tanker,1984
Container_603,603,Danielle Williams,Container,1967
Cargo_30,30,Gary Cochran,Cargo,1902
Container_347,347,Sharon Burton,Container,1966
Container_437,437,Carl Montgomery,Container,1949
Passenger_983,983,Evelyn Anthony,Passenger,1986
Cargo_214,214,Cynthia Williamson,Cargo,2008
Passenger_276,276,Rebecca Brooks,Passenger,2019
Passenger_408,408,Jose Andrews,Passenger,1975
Cargo_993,993,Lindsay Rodgers,Cargo,1944
Cargo_854,854,Nicolas Martin,Cargo,1955
Container_34,34,John Jackson,Container,1921
Passenger_234,234,Heather Brown,Passenger,2016
Container_822,822,Susan Rios,Container,2005
Passenger_58,58,Stephen Knox,Passenger,2005
Cargo_856,856,Katie Mccarthy,Cargo,1940
Container_281,281,Donald Blair,Container,1939
Cargo_918,918,Lauren Hughes,Cargo,2006
Passenger_293,293,Billy Smith MD,Passenger,1967
Cargo_434,434,Kristin Williams,Cargo,1987
Container_662,662,Gregory Tucker,Container,1960
Tanker_126,126,Cindy Miller,Tanker,1954
Passenger_557,557,Ashley Wise,Passenger,1978
Cargo_505,505,Matthew Livingston V,Cargo,2000
Cargo_784,784,Joshua Walker,Cargo,1941
Container_997,997,Ann Cook,Container,2000
Cargo_664,664,Bradley Hayes,Cargo,1930
Passenger_409,409,Steven Gross,Passenger,1949
Container_406,406,Jacqueline Mckenzie,Container,2013
Container_418,418,Jason Martinez,Container,2018
Tanker_814,814,James Hall,Tanker,2014
Tanker_321,321,Pamela Phillips,Tanker,1939
Cargo_167,167,Benjamin Miller,Cargo,2004
Passenger_334,334,Alexa Moore,Passenger,2016
Passenger_22,22,Darryl Jackson,Passenger,2021
Container_106,106,Mr. John Meza DDS,Container,1902
Container_90,90,Robert Anderson,Container,1992
Cargo_772,772,Mr. Wesley Pena,Cargo,2023
Tanker_723,723,Charles Harvey,Tanker,1994
Tanker_697,697,Cory Davis,Tanker,1928
Cargo_462,462,Gina Fuentes,Cargo,1994
Cargo_717,717,Justin Kidd,Cargo,1913
Tanker_161,161,Madeline Barnett,Tanker,1959
Cargo_901,901,Alexander Montgomery,Cargo,1977
Tanker_501,501,Paul Oneill,Tanker,1956
Container_938,938,Megan Baker,Container,1986
Passenger_152,152,Deborah Garcia,Passenger,1929
Container_497,497,Arthur Taylor,Container,1975
Cargo_697,697,Melanie Phillips,Cargo,1979
Cargo_496,496,Sandra Sanders,Cargo,1978
Cargo_446,446,Wesley Hawkins,Cargo,1935
Tanker_166,166,Jose Perez,Tanker,1937
Container_381,381,Glenn Hogan,Container,1931
Container_239,239,George Andrews,Container,1957
Tanker_301,301,Aaron Romero,Tanker,1972
Cargo_684,684,Angela Nolan,Cargo,1944
Cargo_630,630,Patrick Torres,Cargo,1950
Tanker_607,607,Curtis Morrison,Tanker,1935
Container_362,362,Jason Estrada,Container,1927
Container_960,960,Dylan Barnes,Container,1981
Container_87,87,Sandra Galloway,Container,2001
Container_342,342,Vanessa Smith,Container,1936
Passenger_118,118,Stephanie Garcia,Passenger,2006
Passenger_339,339,Carla Peterson,Passenger,1970
Container_962,962,Joann Harris,Container,1920
Passenger_366,366,Mrs. Mia Nelson,Passenger,1945
Cargo_909,909,Katherine Rodriguez,Cargo,1900
Passenger_495,495,Leslie Bailey Jr.,Passenger,1904
Passenger_700_2,700,Vanessa Miller,Passenger,1941
Container_457,457,Catherine Miller,Container,1956
Passenger_266,266,Jeffrey Faulkner,Passenger,1998
Container_764,764,Crystal Robinson,Container,1916
Container_970,970,Mark Bates,Container,2004
Cargo_263,263,Raymond Davis,Cargo,1929
Passenger_779,779,Ryan Jacobs,Passenger,1917
Container_261,261,Alison Rogers,Container,1986
Passenger_717,717,Suzanne Robinson,Passenger,1996
Cargo_789,789,Troy Jones,Cargo,1975
Passenger_449,449,Christina Brown,Passenger,1914
Tanker_737,737,Kristen Brown,Tanker,1914
Tanker_272,272,Cristina Esparza,Tanker,1948
Container_79,79,Melissa Morales,Container,1955
Container_96,96,Amanda Paul,Container,2023
Passenger_447,447,Scott Cooke,Passenger,1935
Cargo_903,903,Elizabeth Cruz,Cargo,1923
Container_127,127,Jennifer Carrillo,Container,2017
Container_456,456,Susan Hall,Container,1919
Passenger_704,704,Lauren Torres,Passenger,1903
Container_202,202,Robert Blackwell,Container,1952
Cargo_722,722,Benjamin Scott,Cargo,1949
Passenger_306,306,Danielle Curry,Passenger,1976
Tanker_809,809,William Moody,Tanker,2008
Passenger_579,579,Belinda Hall,Passenger,2015
Tanker_547,547,Martin Castro,Tanker,1935
Cargo_176,176,Taylor Williams,Cargo,2021
Passenger_463_2,463,Kimberly Beard,Passenger,1978
Container_857,857,Roger Sellers,Container,1908
Passenger_19,19,Erica Levy,Passenger,2016
Container_759,759,Misty Lynch,Container,1917
Container_493,493,Adam Powers,Container,1972
Cargo_720,720,Gary Gordon,Cargo,1998
Tanker_663,663,Andrea Ruiz,Tanker,1930
Tanker_432,432,Kelly Chambers,Tanker,1933
Cargo_308,308,Kyle Herman,Cargo,1959
Tanker_627,627,Amy Lewis,Tanker,2009
Container_140,140,Margaret Castillo,Container,1927
Passenger_584,584,Sara Tran,Passenger,1982
Passenger_94,94,Ashley Monroe,Passenger,1956
Cargo_650,650,Timothy Santana,Cargo,1913
Passenger_629,629,Amanda Douglas,Passenger,1988
Passenger_84,84,Dennis Phelps,Passenger,2003
Passenger_758_2,758,Sophia Key,Passenger,1971
Cargo_416,416,Wyatt Crawford,Cargo,1921
Cargo_787,787,Jared Anderson,Cargo,1919
Passenger_41,41,Steven Garcia,Passenger,1952
Tanker_179,179,James Walker II,Tanker,1962
Cargo_494,494,Brandy Lee,Cargo,1968
Tanker_188,188,Miss Tracie Donovan,Tanker,1930
Passenger_330,330,Anita Butler,Passenger,1962
Container_661,661,Geoffrey Campbell,Container,1936
Tanker_144,144,Patrick Reed,Tanker,1985
Tanker_678,678,Anita Gonzalez,Tanker,1998
Container_103,103,Jeffrey Yates,Container,1980
Container_175,175,Jason Drake,Container,1900
Passenger_588,588,Sylvia Smith,Passenger,2023
Cargo_794,794,Jason Freeman,Cargo,1902
Passenger_170,170,Helen Ross,Passenger,2023
Cargo_300,300,Ashley Brown,Cargo,1903
Passenger_926,926,Dorothy Harvey,Passenger,1964
Tanker_990,990,Barbara Howard,Tanker,1913
Tanker_581,581,Jamie Pena MD,Tanker,1911
Tanker_447,447,Sean Castillo,Tanker,1984
Cargo_347,347,Deborah Orozco,Cargo,1990
Passenger_613,613,Julie Williams,Passenger,1914
Tanker_591,591,Cindy Stephenson,Tanker,2021
Cargo_295,295,Frank Deleon,Cargo,1939
Tanker_22,22,Paul Brown,Tanker,1939
Passenger_151,151,Kenneth Herrera,Passenger,1936
Container_959,959,Samantha Jones,Container,1957
Passenger_418,418,Carolyn Turner,Passenger,1922
Container_482,482,Sarah Torres,Container,1952
Container_467,467,Ann Jones,Container,1926
Passenger_783,783,Mr. Joshua Peters,Passenger,1906
Tanker_65,65,David Baker,Tanker,1945
Passenger_82,82,Connie Davis,Passenger,1983
Container_276,276,Jennifer Delgado,Container,1994
Container_487,487,Steven Taylor,Container,1943
Cargo_671,671,Casey Griffin,Cargo,1940
Passenger_491,491,Lisa Lozano,Passenger,1997
Cargo_441,441,Regina Clark,Cargo,1984
Tanker_938,938,Kelly Parker,Tanker,2003
Passenger_161,161,Randall Reed,Passenger,2012
Tanker_572,572,William Becker,Tanker,2001
Tanker_542,542,Joseph Carey,Tanker,2016
Container_473,473,Gregory Scott,Container,1951
Tanker_808,808,Stacy Davis,Tanker,1948
Passenger_267,267,Crystal Scott,Passenger,1939
Cargo_954,954,Jasmin Wagner,Cargo,1929
Tanker_331,331,Sharon Pena,Tanker,1992
Passenger_545,545,Maria Mendez,Passenger,1988
Container_521,521,Beth Noble,Container,1999
Cargo_850,850,Nathaniel Robertson,Cargo,1920
Container_439,439,Shari Colon,Container,1960
Container_284,284,Heather Wright,Container,1927
Tanker_21,21,Kevin Shepherd,Tanker,2010
Passenger_364,364,Evelyn Davis,Passenger,1933
Cargo_827,827,Nicole Houston,Cargo,1917
Container_9,9,Victoria Pace,Container,1970
Passenger_897,897,Dwayne Mitchell,Passenger,2009
Container_543,543,Sara Smith,Container,2013
Container_140_2,140,Crystal Powell,Container,1911
Cargo_302,302,Anne Garrett,Cargo,1940
Tanker_554,554,James Strong,Tanker,1919
Cargo_316,316,Maria Wolf,Cargo,1938
Passenger_108,108,Jennifer Gonzalez,Passenger,1966
Container_666,666,Debbie Turner,Container,1934
Cargo_672,672,Rebecca Leon,Cargo,1908
Passenger_118_2,118,Brett Fitzpatrick,Passenger,1963
Passenger_281,281,April Stevens,Passenger,1906
Passenger_244,244,Kiara Warren,Passenger,1928
Cargo_660,660,Christopher Mitchell,Cargo,1900
Container_731,731,Andrew Rodriguez,Container,1910
Container_727,727,Lauren Parks,Container,1954
Cargo_939,939,Erin Hurst,Cargo,2005
Cargo_769,769,Kirk Guerrero,Cargo,1996
Tanker_321_2,321,Jennifer Hendrix,Tanker,1912
Cargo_107,107,Katherine Farrell,Cargo,1904
Container_615,615,Jessica Mullins,Container,1941
Passenger_916,916,Michael Rocha,Passenger,1980
Passenger_976_2,976,Annette Phelps,Passenger,1992
Tanker_230,230,Mary Peterson,Tanker,2002
Container_236,236,Anthony Brandt,Container,1942
Tanker_37,37,Stephen Fields,Tanker,1920
Container_141,141,Karen White,Container,1903
Cargo_555_2,555,Michael Whitehead,Cargo,1918
Cargo_547_2,547,Daniel Peterson,Cargo,1908
Container_371,371,Amanda Santos,Container,2006
Cargo_310,310,Maria Compton,Cargo,1933
Passenger_830,830,Robert Steele,Passenger,2002
Container_460,460,Rachel Pearson,Container,1968
Passenger_809,809,Cynthia Hardy DDS,Passenger,1966
Container_964,964,Robert Kelly,Container,1956
Cargo_317,317,Michael Greer,Cargo,2001
Passenger_202,202,Colin Henry,Passenger,1905
Cargo_953,953,Kevin Johnson,Cargo,1911
Container_635_2,635,Jeremiah Hicks,Container,1952
Tanker_291,291,Ashley Howe,Tanker,1948
Tanker_622,622,Jacqueline Perkins,Tanker,1967
Container_515,515,James Ortiz,Container,1991
Tanker_906,906,Jesus Mccoy,Tanker,1972
Passenger_256,256,Kristen Thomas,Passenger,1931
Passenger_992,992,Tiffany Harris,Passenger,1940
Container_936,936,Joseph Logan,Container,1993
Container_180,180,Linda Mosley,Container,1924
Container_164,164,John Day,Container,1962
Tanker_533,533,Julie Lambert,Tanker,1966
Cargo_44,44,William Reyes,Cargo,1993
Cargo_299,299,William Collins,Cargo,1988
Passenger_435,435,Whitney Stewart,Passenger,1957
Tanker_970,970,Angela Chen,Tanker,1938
Cargo_993_2,993,Amber Gardner,Cargo,1945
Cargo_151,151,Stephen Ellis,Cargo,1951
Tanker_892,892,Seth Lopez,Tanker,1927
Tanker_91,91,Sandra Garcia,Tanker,1977
Cargo_749,749,Joshua Morris MD,Cargo,1925
Tanker_846,846,Danielle Perez,Tanker,1980
Tanker_891,891,Sharon Hernandez MD,Tanker,1993
Cargo_223,223,Cory Gregory,Cargo,2019
Tanker_894,894,Rhonda Roberson,Tanker,1914
Container_116,116,Philip Davis,Container,1994
Tanker_519,519,Peter Alvarez,Tanker,1910
Cargo_470,470,Daniel Moore,Cargo,1941
Cargo_316_2,316,Mary Ross,Cargo,1921
Passenger_22_2,22,Robert Fowler,Passenger,1920
Container_772,772,Sophia Nolan,Container,1921
Passenger_335,335,Nancy White,Passenger,1905
Cargo_662,662,Isaiah Heath,Cargo,2002
Cargo_410,410,Cassie Cooke,Cargo,1907
Cargo_374,374,Bradley Ross,Cargo,1949
Passenger_887,887,Tim Miller,Passenger,1986
Passenger_94_2,94,Rebecca Sims,Passenger,2022
Passenger_737,737,James Mckee,Passenger,2005
Passenger_747,747,Morgan Mullen,Passenger,1917
Container_380,380,Mr. Christopher Anderson III,Container,2022
Container_262,262,Jennifer Dean,Container,1981
Passenger_5,5,Ashley Garza,Passenger,1922
Cargo_937,937,Harold Morales,Cargo,1955
Cargo_948,948,Jeremiah Thomas,Cargo,2013
Passenger_241,241,Ryan Martinez,Passenger,1948
Cargo_31,31,Jennifer Johnson,Cargo,1922
Tanker_122,122,Brittney Wilson,Tanker,2008
Container_67_2,67,Melissa Steele,Container,2018
Cargo_831,831,Mary Newman,Cargo,2020
Passenger_892,892,Tracy Willis,Passenger,2018
Passenger_153,153,Kristen Greene,Passenger,2008
Cargo_747,747,Troy Lindsey,Cargo,1956
Container_179,179,John Jackson,Container,1923
Passenger_367,367,Henry Baker,Passenger,1976
Container_599,599,David Mccoy,Container,1927
Tanker_720,720,Jonathan Jackson,Tanker,1958
Container_875,875,Stephanie Parks,Container,1981
Container_44,44,Travis Vaughn,Container,2017
Container_196,196,Kathryn Sanchez,Container,1935
Tanker_280,280,Paul James DDS,Tanker,1931
Cargo_310_2,310,Colleen Shields,Cargo,1991
Passenger_999,999,Barbara Cook,Passenger,1900
Tanker_778,778,Michelle Russell,Tanker,1970
Cargo_320,320,Lauren Daniel,Cargo,1992
Cargo_972,972,Andrew Larson,Cargo,1968
Tanker_499,499,Troy Ferguson,Tanker,1947
Tanker_501_2,501,Eric Travis,Tanker,2002
Cargo_434_2,434,Amy Hall,Cargo,1946
Passenger_144,144,Elizabeth Shaw,Passenger,1988
Tanker_935,935,Joel Gray,Tanker,1957
Cargo_13,13,Daniel Moore,Cargo,1903
Tanker_174,174,Amber Brewer,Tanker,1965
Container_229,229,Jennifer Steele,Container,1906
Cargo_279,279,Abigail Solis,Cargo,2015
Passenger_131,131,David Howard,Passenger,1974
Container_17,17,Heather Thompson,Container,1946
Passenger_678,678,Ashley Stephens,Passenger,1960
Container_970_2,970,Leonard Lee,Container,1976
Cargo_121,121,Peter White,Cargo,1932
Passenger_296,296,David Gould,Passenger,1935
Cargo_506,506,Darrell Taylor,Cargo,1951
Passenger_928,928,Zachary Holmes,Passenger,1932
Passenger_694,694,Lisa Ward,Passenger,1993
Container_766,766,Caroline Adkins,Container,1912
Container_581,581,Patricia Hansen DDS,Container,2002
Cargo_417,417,Samuel Jones,Cargo,1943
Passenger_199,199,James Graves,Passenger,1969
Container_865,865,John Taylor,Container,1919
Passenger_804,804,Susan Schultz,Passenger,1947
Cargo_25,25,Keith Holmes,Cargo,1993
Passenger_716,716,Donna Williams,Passenger,1933
Cargo_84,84,Thomas Spencer,Cargo,1916
Tanker_739,739,Ariel Swanson,Tanker,1964
Tanker_826,826,Donald Anderson,Tanker,1920
Container_131,131,Michael Richmond,Container,1939
Cargo_434_3,434,Erica Reyes,Cargo,1955
Tanker_123,123,Christian Shepard,Tanker,1969
Cargo_567,567,Carmen Sharp,Cargo,1979
Container_928,928,Shane Stewart,Container,1983
Cargo_80,80,Nathaniel Price,Cargo,2004
Passenger_397,397,Devon Parsons,Passenger,1908
Passenger_974,974,Antonio Thompson,Passenger,1944
Container_301,301,Andrew Barnes,Container,1900
Passenger_132,132,Douglas Alexander,Passenger,1901
Cargo_489,489,Misty Wu,Cargo,1926
Tanker_508,508,Anthony Franco,Tanker,1974
Tanker_663_2,663,Kyle Durham,Tanker,2010
Passenger_314,314,Michael Robinson,Passenger,1995
Passenger_956,956,Mrs. Ann Jimenez,Passenger,1980
Container_521_2,521,Ryan Torres,Container,1996
Tanker_286,286,Lauren Schneider,Tanker,1921
Cargo_961,961,Jonathan Lutz,Cargo,2004
Tanker_925,925,James Ruiz,Tanker,2010
Tanker_499_2,499,Edward Price,Tanker,1911
Tanker_24,24,Angela Pierce MD,Tanker,1958
Container_597,597,Austin Small,Container,2002
Tanker_555,555,Alicia Palmer,Tanker,1959
Passenger_148,148,Melissa Hanson,Passenger,2004
Cargo_634,634,Troy Meyer,Cargo,2016
Cargo_841,841,Amy Stevens,Cargo,1958
Container_106_2,106,Christopher Hansen,Container,1907
Passenger_724,724,Brenda Turner,Passenger,1942
Cargo_140,140,Xavier Espinoza,Cargo,1926
Tanker_749,749,Jerry Garcia,Tanker,1958
Tanker_419,419,Kimberly Lewis,Tanker,1972
Passenger_6,6,Michael Lane,Passenger,1957
Tanker_967,967,David Newton,Tanker,1924
Container_166,166,Mark Woods,Container,1937
Cargo_596,596,Erin Watson,Cargo,1984
Passenger_181,181,Wesley Hoffman,Passenger,1903
Tanker_933,933,Denise Townsend,Tanker,1926
Passenger_739,739,Jorge Vincent,Passenger,2010
Container_805,805,Michele Francis,Container,1912
Cargo_432,432,Michael Henderson,Cargo,1951
Tanker_467,467,Shannon Shaw,Tanker,1925
Passenger_634,634,Angelica Nash,Passenger,1912
Cargo_785,785,Amanda Gomez,Cargo,1952
Cargo_847,847,Andrea Ramirez,Cargo,1964
Cargo_17,17,Craig Kelley,Cargo,1921
Tanker_664,664,Kimberly House,Tanker,1909
Cargo_109,109,Katie Taylor,Cargo,1916
Tanker_288_2,288,Taylor Terry,Tanker,1980
Tanker_830,830,Sandra Carroll,Tanker,2006
Cargo_250,250,Tommy Fernandez,Cargo,1922
Tanker_797,797,Marie Booth,Tanker,1939
Cargo_463,463,William Grant,Cargo,1942
Passenger_232,232,Brittany Johnson,Passenger,1944
Tanker_334,334,Valerie Jones,Tanker,1930
Tanker_531,531,Elizabeth Davis,Tanker,1906
Tanker_765,765,Madison Lane,Tanker,1965
Container_606,606,Melissa Ramirez,Container,1944
Cargo_934,934,Jenny Tucker,Cargo,1942
Cargo_868,868,Barbara Proctor,Cargo,1932
Tanker_754,754,Mackenzie Hill,Tanker,2015
Cargo_603,603,Jeremy Henderson,Cargo,1975
Cargo_290,290,Brianna Washington,Cargo,1951
Cargo_412,412,Adam Phillips,Cargo,1925
Container_119,119,Jacqueline Jones,Container,1999
Passenger_374,374,Anthony Hopkins,Passenger,2010
Cargo_927,927,Samuel Reed,Cargo,1904
Passenger_426,426,Michelle Best,Passenger,2015
Container_113,113,Courtney Jensen,Container,1986
Cargo_652,652,Jordan Henderson,Cargo,1912
Tanker_963,963,Samuel Flowers,Tanker,1993
Cargo_868_2,868,Melissa Farrell,Cargo,1913
Container_274,274,Jamie Esparza,Container,1906
Tanker_454,454,Renee Carter,Tanker,1914
Passenger_531,531,Marie Brooks,Passenger,1957
Cargo_248,248,Christopher Berry,Cargo,1976
Passenger_268,268,Daniel Harris,Passenger,1950
Container_236_2,236,Heidi Stuart,Container,1915
Cargo_995,995,Jennifer Garcia,Cargo,1924
Tanker_746,746,Richard Reed,Tanker,2005
Container_841,841,Nancy Butler,Container,2019
Cargo_817,817,Erin Moore,Cargo,1993
Tanker_960,960,Marissa Solis,Tanker,1912
Passenger_105,105,John Nelson,Passenger,2001
Cargo_882,882,Steven Chen,Cargo,1985
Tanker_66,66,Katie Holland,Tanker,1965
Cargo_475,475,Susan Branch,Cargo,1917
Cargo_595,595,Jordan Brown,Cargo,2023
Passenger_358,358,Whitney Hunter,Passenger,1954
Container_146,146,Annette Scott,Container,1905
Tanker_192,192,Tracie Williams,Tanker,1926
Tanker_825,825,Priscilla Austin,Tanker,1949
Container_319,319,William Wright,Container,1907
Tanker_310,310,Timothy Allison,Tanker,1940
Cargo_924,924,Angela Garcia,Cargo,1958
Tanker_144_2,144,Tracy Campbell,Tanker,2017
Tanker_916,916,Michael Pierce,Tanker,1910
Passenger_921,921,Peter Vasquez,Passenger,1971
Tanker_599,599,Taylor Brown,Tanker,2013
Tanker_165,165,Sharon Floyd,Tanker,1999
Passenger_156,156,Peter Morales,Passenger,2014
Tanker_285,285,Sarah Mccall,Tanker,1921
Passenger_577,577,William Jackson,Passenger,1999
Tanker_153,153,Lisa Hill,Tanker,2021
Tanker_456,456,Krystal Hart,Tanker,1940
Tanker_115,115,Emily Martinez,Tanker,1961
Container_540,540,Brittany Williams,Container,1965
Container_21,21,Juan Garza,Container,1961
Cargo_709,709,Frank Pham,Cargo,1935
Tanker_55,55,Julia Lewis,Tanker,2020
Tanker_195,195,Steven Moore,Tanker,2018
Container_174,174,Wendy Mooney,Container,1947
Tanker_831,831,Virginia Cox,Tanker,1999
Container_53,53,Ryan Harvey,Container,1949
Container_429,429,Mrs. Maria Anderson DDS,Container,1998
Passenger_591,591,Ashley Peterson,Passenger,1972
Cargo_516,516,Andrew Yates,Cargo,1958
Tanker_681,681,Daniel Young,Tanker,1915
Cargo_803,803,Sherri Diaz,Cargo,1981
Passenger_394,394,Stephanie Dean,Passenger,1939
Container_829,829,Lisa Aguilar DDS,Container,1926
Container_318,318,Kimberly Garcia,Container,1923
Cargo_985,985,Christopher Clark,Cargo,2021
Tanker_505,505,Kimberly Cervantes,Tanker,1912
Passenger_736,736,Monique Kennedy,Passenger,1999
Passenger_875,875,Melissa Douglas,Passenger,2007
Passenger_793,793,Mary Hicks,Passenger,1903
Passenger_851,851,Maureen Cook,Passenger,1973
Cargo_537,537,Jessica Carter,Cargo,1971
Cargo_43,43,Laurie Riddle,Cargo,1944
Tanker_493,493,George Ochoa,Tanker,1982
Passenger_181_2,181,Sandra Jackson,Passenger,1950
Container_890,890,Joseph Waller,Container,1954
Cargo_236,236,Victoria Mcguire,Cargo,1953
Passenger_228,228,Haley Gonzalez,Passenger,1999
Container_249,249,Tiffany Vasquez,Container,1978
Passenger_643,643,Barbara Gonzalez,Passenger,1947
Passenger_571,571,Kayla Good,Passenger,2014
Tanker_949,949,William Dominguez,Tanker,1999
Cargo_416_2,416,Susan Watson,Cargo,2015
Container_282,282,Stephanie Griffin,Container,1990
Passenger_49,49,Kyle Moore,Passenger,1948
Tanker_7_2,7,Sara Clark,Tanker,1995
Cargo_373,373,David Trevino,Cargo,1940
Container_926,926,Darin Hernandez,Container,1933
Passenger_524,524,Barbara Parsons,Passenger,1955
Tanker_894_2,894,Morgan Sullivan,Tanker,2020
Container_101,101,Maria Garcia,Container,1970
Cargo_93,93,Matthew Beck,Cargo,1947
Tanker_834,834,Susan Perez,Tanker,1957
Container_106_3,106,Bethany Lopez,Container,1936
Cargo_52,52,David Skinner,Cargo,1981
Container_404,404,William Mendoza,Container,1943
Cargo_925,925,Christie Erickson,Cargo,1968
Passenger_690,690,Craig Hughes,Passenger,1945
Tanker_99,99,Timothy Brown,Tanker,1939
Passenger_837,837,Samuel Wilson,Passenger,2020
Tanker_844,844,Richard Rodriguez,Tanker,1942
Container_801,801,Ryan Burton,Container,1908
Cargo_903_2,903,Jamie Richards,Cargo,1946
Cargo_240,240,Chelsea Davila,Cargo,1965
Tanker_980,980,Roger Carpenter,Tanker,1911
Container_321,321,Danny Smith,Container,1937
Tanker_802,802,Karen Jones,Tanker,1920
Container_579,579,Joshua Little,Container,1962
Container_780,780,Russell Schultz,Container,1989
Passenger_628,628,Karen Noble,Passenger,2020
Container_643,643,Lisa Wallace,Container,1948
Cargo_616,616,Randy Glenn,Cargo,2007
Container_779,779,Debra Russell,Container,1926
Passenger_739_2,739,George White,Passenger,1996
Cargo_134,134,Eric Hall,Cargo,1969
Tanker_826_2,826,Christopher Fitzpatrick,Tanker,1994
Passenger_536,536,Sarah Smith,Passenger,1993
Tanker_323,323,David Berger Jr.,Tanker,1966
Container_514,514,Virginia French,Container,1931
Tanker_967_2,967,Michele Wood,Tanker,1965
Tanker_858,858,Christopher Fisher,Tanker,2002
Passenger_834,834,Lori Stevenson,Passenger,2020
Tanker_463,463,Patrick Davis,Tanker,2015
Container_784,784,Jennifer Perkins,Container,1922
Container_385,385,John Rodriguez,Container,1974
Tanker_686,686,Shannon Davis,Tanker,1912
Tanker_640,640,Danny Mcdaniel,Tanker,1982
Passenger_250,250,Clifford Pierce,Passenger,2023
Container_266,266,Courtney Cruz,Container,1906
Tanker_61,61,Alex Lopez,Tanker,1981
Passenger_139,139,Michelle Turner,Passenger,2017
Cargo_434_4,434,Jennifer Freeman,Cargo,2005
Tanker_478,478,Brian Peters,Tanker,1948
Passenger_165,165,Monique Williams,Passenger,1912
Tanker_417,417,Kevin Murray,Tanker,2014
Container_604,604,William Larson,Container,2014
Passenger_232_2,232,Alexis Olson,Passenger,1971
Container_338,338,Ruben Roach,Container,2021
Container_367,367,Laura Bauer,Container,1900
Cargo_505_2,505,Mark Stevens,Cargo,1976
Tanker_366,366,Thomas Pierce,Tanker,1904
Container_737,737,James Bradley,Container,2016
Passenger_327,327,Matthew Weaver,Passenger,1984
Tanker_434,434,Jacqueline Vincent,Tanker,2013
Passenger_379,379,Terry Brown,Passenger,1969
Cargo_183,183,Allen Ross,Cargo,1910
Container_686,686,Kevin Cox,Container,1903
Tanker_235,235,Gary Lane,Tanker,1941
Container_297,297,Christopher Marshall,Container,1992
Tanker_793,793,Brittany Pena,Tanker,1918
Cargo_949,949,Mrs. Emily Conner,Cargo,2005
Container_671,671,Kelly Johnson,Container,1929
Tanker_917,917,Jeremy Reyes,Tanker,1961
Cargo_855,855,Lee Richardson,Cargo,1925
Container_481,481,Kara Buchanan,Container,1957
Tanker_771,771,Melissa Martin,Tanker,1956
Cargo_328,328,Lisa Ray,Cargo,1900
Cargo_460,460,Benjamin Watts,Cargo,1970
Container_535,535,Carolyn Case,Container,1997
Passenger_961,961,Tonya Powell,Passenger,2016
Passenger_849,849,Robert Blake,Passenger,1941
Tanker_489,489,Luke Gonzalez,Tanker,2009
Tanker_653,653,Lauren Green,Tanker,2008
Tanker_202,202,Darren Harris,Tanker,2022
Container_805_2,805,Dominique Diaz,Container,1946
Tanker_553,553,Jesus Carter,Tanker,2005
Tanker_533_2,533,David Barnett,Tanker,1970
Passenger_767,767,Joshua Thompson,Passenger,1907
Passenger_633,633,Chelsea Bennett,Passenger,1933
Passenger_72,72,William Shelton,Passenger,1983
Cargo_288,288,Shannon Ibarra DVM,Cargo,1919
Container_176,176,Patrick Stanley,Container,1953
Container_735,735,Cynthia Hughes,Container,1996
Tanker_35,35,Stephanie Turner,Tanker,1918
Container_202_2,202,Jonathan Miller,Container,1961
Container_598,598,Michael Lynn,Container,1926
Cargo_695,695,Christopher Park,Cargo,1966
Passenger_503,503,Julie Larson,Passenger,1929
Container_861,861,Sara Chambers,Container,2019
Container_919,919,Cynthia House,Container,1909
Container_132,132,Nancy Lawson,Container,2019
Passenger_953,953,Leslie Flores,Passenger,1998
Container_614,614,Kristen Crosby,Container,2006
Cargo_636,636,Christopher Goodwin,Cargo,2005
Passenger_95,95,Robert Webb,Passenger,1923
Container_622,622,Brian Smith,Container,2015
Passenger_726,726,Eric Hamilton,Passenger,1973
Tanker_581_2,581,Michael Norris,Tanker,2019
Cargo_84_2,84,John Gamble,Cargo,2008
Passenger_523,523,Stanley Adams,Passenger,1971
Container_936_2,936,Adam Pierce,Container,1946
Passenger_724_2,724,Michael Lamb,Passenger,1914
Tanker_137,137,Kyle Warner,Tanker,1912
Tanker_960_2,960,Xavier Rodriguez,Tanker,1948
Passenger_959,959,Daniel Valencia,Passenger,2000
Cargo_169,169,Michelle Taylor,Cargo,1962
Container_801_2,801,Jennifer Molina,Container,1959
Cargo_407,407,Kelly Kaufman,Cargo,1930
Cargo_594,594,Donald Gutierrez,Cargo,1969
Passenger_445,445,Andrea Mejia,Passenger,1979
Tanker_783,783,Kristopher Smith,Tanker,2021
Passenger_997,997,Holly Taylor,Passenger,1990
Passenger_795,795,Barbara Waters,Passenger,1975
Container_932,932,Elizabeth Pierce,Container,2012
Cargo_946,946,Crystal Nelson,Cargo,1952
Tanker_90,90,William Walker,Tanker,2015
Container_253,253,Margaret Smith,Container,1945
Cargo_722_2,722,Logan Contreras,Cargo,1915
Tanker_590,590,Michael Davis,Tanker,1951
Cargo_50,50,Ashley George,Cargo,1915
Passenger_95_2,95,James Valencia,Passenger,1914
Cargo_521,521,Penny Hines,Cargo,2009
Tanker_616,616,Nancy Stanley,Tanker,1998
Container_167,167,Danny Conrad,Container,1927
Tanker_171,171,David Nichols,Tanker,2003
Passenger_129,129,Elizabeth Reed,Passenger,1908
Passenger_565_2,565,Allison Burns,Passenger,1935
Passenger_7,7,Phillip Huffman,Passenger,1987
Passenger_573,573,Candice Moore,Passenger,1937
Tanker_476_2,476,Mary Johnson,Tanker,1990
Tanker_466,466,Destiny Cook,Tanker,2008
Cargo_679,679,Timothy Vega,Cargo,1908
Cargo_523,523,Thomas Park,Cargo,1902
Passenger_728,728,Stacey Olson,Passenger,2016
Container_764_2,764,Lauren Roberson,Container,1964
Container_921,921,Sean Smith,Container,1962
Passenger_800,800,Jennifer Jones,Passenger,1957
Container_518,518,James Zimmerman,Container,1953
Cargo_492,492,Christina Wells,Cargo,1985
Cargo_235,235,Janet Sanford,Cargo,1971
Container_600,600,Jill Miller,Container,1920
Tanker_139,139,Dr. Stephen Meza MD,Tanker,1977
Container_932_2,932,Jorge Fowler PhD,Container,1982
Container_845,845,Patricia Mcclure,Container,1914
Container_119_2,119,Rachel Graham,Container,1946
Container_786,786,Nicole Paul,Container,1998
Passenger_117,117,Amy Figueroa,Passenger,1976
Passenger_721,721,Nancy Crane,Passenger,1916
Container_87_2,87,David Hart,Container,1904
Cargo_488,488,Mitchell Park,Cargo,1972
Tanker_658,658,Tyrone Yu,Tanker,1957
Passenger_729,729,Aaron Berry,Passenger,2019
Passenger_419,419,Karina Mitchell,Passenger,1964
Container_922,922,Kyle Brown,Container,2015
Passenger_775,775,Margaret Cain,Passenger,1926
Passenger_208,208,Abigail Melton,Passenger,1955
Passenger_671,671,Lori Brown,Passenger,1917
Container_731_2,731,Robert Arnold,Container,1971
Tanker_333,333,Jacqueline Booker,Tanker,1923
Tanker_738,738,Warren Perry,Tanker,1961
Tanker_899,899,Mark Kelly,Tanker,1942
Cargo_817_2,817,Brittany Erickson,Cargo,1923
Container_763,763,Marcus Gibson,Container,1912
Cargo_635,635,Leah Lopez,Cargo,1963
Tanker_270,270,Deborah Hayes,Tanker,2017
Tanker_796,796,Elizabeth Hill,Tanker,1924
Passenger_364_2,364,Timothy Roman,Passenger,1950
Passenger_532,532,Michael Johnson,Passenger,1927
Cargo_314,314,Miguel Olson,Cargo,2000
Passenger_313,313,Candice Jones,Passenger,1951
Container_157,157,Robert Juarez,Container,2020
Passenger_962,962,Nancy Fowler,Passenger,1930
Passenger_147,147,James Dunn,Passenger,1910
Container_86,86,Brandon Brown,Container,1972
Cargo_937_2,937,Megan Elliott,Cargo,1980
Container_555,555,Sherry Freeman,Container,2022
Cargo_438,438,Donald Mitchell,Cargo,2008
Cargo_738,738,Tina Duffy,Cargo,2009
Container_383,383,Krista Ramirez,Container,1978
Container_128,128,Jon Wall,Container,1944
Container_730,730,Christina Wallace,Container,1953
Cargo_176_2,176,Maria Parker,Cargo,1916
Cargo_553,553,Alison Thornton,Cargo,1953
Tanker_950,950,Rhonda Peck,Tanker,1945
Container_937,937,Vicki Burns,Container,1904
Container_361,361,Linda Salinas,Container,1925
Passenger_781,781,Alyssa Bell,Passenger,1966
Container_613,613,Kelly Delgado,Container,1945
Cargo_479,479,Ashley Williams,Cargo,2023
Tanker_140,140,Patricia Arnold,Tanker,1959
Tanker_376,376,Sandra Livingston,Tanker,2018
Cargo_652_2,652,Patricia Villarreal,Cargo,1981
Cargo_987,987,Clarence Fleming,Cargo,1905
Cargo_4,4,Taylor Harrison,Cargo,1925
Cargo_718,718,Michael Williams,Cargo,1987
Passenger_847,847,Joel Wilson,Passenger,1967
Tanker_952,952,Frank Hughes,Tanker,1937
Cargo_424,424,Michael Strickland,Cargo,1964
Tanker_118,118,Lucas Keith,Tanker,2011
Cargo_271,271,Donald Morgan,Cargo,1948
Container_851,851,Christy Rogers,Container,1905
Tanker_878,878,Yvonne Watson,Tanker,1938
Cargo_637,637,Julie Bell,Cargo,2016
Tanker_122_2,122,Bruce Mccoy,Tanker,1994
Passenger_122,122,Patricia Guerrero,Passenger,2003
Container_478,478,Connor Mayer,Container,2013
Tanker_588,588,Brittney Boyer,Tanker,1914
Tanker_32,32,Debbie Nelson,Tanker,1935
Tanker_686_2,686,Kyle Henderson,Tanker,1907
Cargo_545,545,Richard Jones,Cargo,1900
Passenger_12,12,Richard Mullins,Passenger,2003
Container_95,95,Daniel Gomez,Container,2016
Passenger_454,454,Robert Morgan,Passenger,1919
Cargo_723,723,Kimberly Simpson,Cargo,1989
Cargo_826,826,Deanna Andrews,Cargo,1966
Cargo_431,431,Joseph Williams,Cargo,1908
Tanker_295,295,Kelly Lee,Tanker,2013
Passenger_969,969,Jordan Freeman,Passenger,2008
Tanker_459,459,Brett Roberson,Tanker,1970
Cargo_315,315,Antonio Smith,Cargo,1987
Container_442,442,Kevin Jones,Container,1949
Tanker_12,12,Brian Calhoun,Tanker,1998
Cargo_302_2,302,Megan Johnson,Cargo,1955
Cargo_516_2,516,Michelle Lynch,Cargo,2022
Cargo_919,919,Tanya Peters,Cargo,1907
Tanker_738_2,738,Kayla Knox,Tanker,1921
Tanker_782,782,Kayla Hart,Tanker,2020
Tanker_545,545,Steve Armstrong,Tanker,1935
Cargo_110,110,Mark Foster,Cargo,1938
Tanker_391,391,Frank Davis,Tanker,1998
Passenger_998,998,Abigail Lee,Passenger,1923
Tanker_44,44,William Cox,Tanker,1963
Container_880,880,David Moore,Container,1935
Container_685,685,Reginald Ray,Container,1924
Cargo_284,284,Jason Anderson,Cargo,2019
Passenger_778,778,Jason Delgado,Passenger,1924
Tanker_837,837,Mary Valentine,Tanker,1911
Tanker_43,43,Morgan Hogan,Tanker,1983
Cargo_106,106,Mark Brooks,Cargo,2007
Tanker_666,666,Julie Gay,Tanker,1915
Cargo_1000,1000,Elizabeth Meyer,Cargo,1987
Cargo_23,23,Scott Snyder,Cargo,1967
Passenger_666,666,Crystal Wall,Passenger,2002
Cargo_136,136,Matthew Green,Cargo,1915
Passenger_650,650,John Fowler,Passenger,2021
Passenger_623,623,Kevin Moss,Passenger,1976
Passenger_90_2,90,Joseph Hart,Passenger,2004
Tanker_681_2,681,Kimberly Arnold,Tanker,1944
Passenger_897_2,897,Jamie Castaneda,Passenger,2016
Container_864,864,Jenna Henry,Container,1977
Passenger_29,29,Jesse Mercado,Passenger,1915
Cargo_246,246,Christine Hoffman,Cargo,2014
Passenger_241_2,241,Michael Mora,Passenger,1998
Container_453,453,Matthew Brown,Container,1937
Tanker_143,143,Christopher Perez,Tanker,1967
Cargo_855_2,855,Jason Gates,Cargo,1948
Tanker_777,777,Dean Jackson,Tanker,1967
Passenger_809_2,809,Matthew Morris,Passenger,2019
Cargo_198,198,Steven Moyer,Cargo,2011
Tanker_14,14,Patrick Rowe MD,Tanker,1926
Container_911,911,Dr. Renee Bennett,Container,2020
Cargo_289,289,Daniel Morgan,Cargo,1954
Tanker_656,656,Andrea Ford,Tanker,1987
Passenger_910,910,Amanda Schneider,Passenger,1994
Passenger_36,36,Jesus Acosta,Passenger,1959
Container_5,5,Tanya Wallace,Container,1956
Container_5_2,5,John Conrad,Container,1956
Cargo_156,156,Denise Frost,Cargo,2006
Container_51,51,Sarah Hoffman,Container,1947
Container_820,820,Shannon Martinez,Container,1934
Tanker_606,606,Anna Willis,Tanker,1944
Tanker_981,981,Michael Martinez,Tanker,1924
Cargo_802,802,Thomas Petty,Cargo,1948
Cargo_964,964,Diana Sosa,Cargo,1914
Tanker_238,238,Sandra Harris,Tanker,1911
Tanker_288_3,288,Troy Travis,Tanker,1989
Passenger_850,850,Dave Ball,Passenger,1909
Cargo_245,245,Jacob Jones,Cargo,1970
Container_57,57,Taylor Johnson,Container,1996
Container_669,669,Emily Jenkins,Container,1989
Container_801_3,801,Curtis Martinez,Container,1955
Container_969,969,Kyle Brooks,Container,1924
Cargo_928,928,Steve Clark,Cargo,2015
Passenger_120,120,Andrew Vargas,Passenger,2003
Cargo_772_2,772,Michael Scott,Cargo,1975
Passenger_846,846,Derek Garcia,Passenger,1910
Cargo_698,698,Jason Sparks,Cargo,1904
Tanker_820,820,Alexander Dominguez,Tanker,1939
Passenger_838,838,Heather Wright,Passenger,1919
Tanker_446_2,446,Ricky Morales,Tanker,2006
Passenger_40,40,Vincent Wheeler,Passenger,1925
Tanker_456_2,456,Jamie Williams,Tanker,1935
Tanker_201,201,Cindy Gonzalez,Tanker,2020
Container_113_2,113,Tyler Mcgee,Container,2001
Passenger_125,125,Jared Mendez,Passenger,1927
Cargo_698_2,698,Jorge Herrera,Cargo,1947
Tanker_505_2,505,Timothy Alexander,Tanker,1963
Tanker_540,540,Paul Richard,Tanker,1982
Passenger_745,745,Courtney Reed,Passenger,2016
Container_548,548,Erika Roach,Container,2008
Tanker_630_2,630,Timothy Burke,Tanker,2021
Cargo_86,86,Shawna Martinez,Cargo,1905
Cargo_851,851,Lori Morales,Cargo,1929
Tanker_449,449,Jay Hill,Tanker,1969
Passenger_155,155,Vanessa Chapman,Passenger,1906
Container_814,814,Amanda Glass,Container,1944
Tanker_735,735,Thomas Martin,Tanker,1919
Container_53_2,53,Linda Mejia,Container,2015
Cargo_193,193,Margaret Hamilton,Cargo,1907
Tanker_15,15,Tiffany Hunter,Tanker,1918
Cargo_271_2,271,Christine Lara,Cargo,1924
Tanker_100,100,Tara Escobar,Tanker,1918
Tanker_710,710,Shawn Price,Tanker,1970
Passenger_523_2,523,Lisa Miller,Passenger,1945
Container_981,981,Christopher Jimenez,Container,2013
Tanker_750,750,Mitchell Warren,Tanker,1932
Passenger_612,612,David Price,Passenger,1966
Container_509,509,Laura Clayton,Container,1981
Passenger_54,54,Christopher Foster DVM,Passenger,1977
Container_70,70,Christopher Harper,Container,1998
Cargo_616_2,616,Anita Winters,Cargo,1925
Container_4,4,Daniel Carlson,Container,1962
Container_42,42,Michelle Rios,Container,1999
Container_219,219,Kendra Obrien,Container,2007
Tanker_885,885,Rachel Johnson,Tanker,1976
Cargo_459_2,459,Tonya Reynolds,Cargo,1980
Tanker_710_2,710,Amy Stephenson,Tanker,2007
Cargo_411,411,Jennifer Johnson,Cargo,1977
Tanker_173,173,Eddie Marshall,Tanker,2017
Tanker_371_2,371,Daniel Carpenter,Tanker,1915
Passenger_91,91,Joseph Jones,Passenger,1943
Tanker_771_2,771,Robin Munoz,Tanker,1913
Passenger_183,183,Benjamin Garcia,Passenger,1911
Tanker_376_2,376,Rachel Cowan,Tanker,1958
Passenger_981,981,Jordan Wong,Passenger,1928
Cargo_592,592,David Fuller,Cargo,1950
Container_459,459,Kristen Morales,Container,1954
Cargo_543,543,Erica Smith,Cargo,1976
Cargo_784_2,784,Tammie Williams,Cargo,2017
Cargo_254,254,Gabriel Johnson,Cargo,2005
Container_637,637,Erica Howard,Container,1946
Cargo_873,873,Antonio Washington,Cargo,1940
Container_572,572,Brian Joseph,Container,1995
Passenger_446,446,Willie Brown,Passenger,1915
Cargo_145,145,Robert Brown,Cargo,1967
Cargo_248_2,248,Paul Rubio,Cargo,1952
Tanker_946,946,Miss Kiara Hicks PhD,Tanker,1922
Cargo_541,541,Anthony Young,Cargo,1976
Tanker_301_2,301,Tonya Mcdaniel,Tanker,1939
Tanker_418,418,Andrea Warner,Tanker,1923
Passenger_578,578,James Price,Passenger,1980
Tanker_538,538,Frank Owens,Tanker,1921
Cargo_700,700,Janice Stewart,Cargo,1983
Passenger_257,257,Gabriel Baker,Passenger,1920
Passenger_649,649,Melinda Howard,Passenger,1953
Tanker_443,443,Jose Jensen,Tanker,2000
Tanker_941,941,Joshua Malone,Tanker,1928
Cargo_158,158,George Taylor,Cargo,1995
Container_148,148,Teresa Hampton,Container,1989
Passenger_462,462,Regina Lopez,Passenger,2011
Tanker_508_2,508,Fred Hansen,Tanker,1920
Tanker_691,691,Samuel Haynes,Tanker,1988
Cargo_404,404,Mrs. Rachel Gonzalez,Cargo,2016
Passenger_914,914,James Ingram,Passenger,1994
Tanker_474,474,Tim Hodges,Tanker,1923
Cargo_129,129,Jessica Rogers,Cargo,2001
Tanker_119,119,Lance Henderson,Tanker,1913
Tanker_974,974,Rachel Perez,Tanker,1973
Passenger_134,134,Peggy Khan,Passenger,1961
Tanker_948,948,Scott Graham,Tanker,1965
Cargo_278,278,Brian Jones,Cargo,1964
Passenger_93,93,Tammy White,Passenger,1903
Container_305,305,David Arnold,Container,1963
Tanker_615,615,Meghan Kerr,Tanker,2016
Cargo_428,428,John Armstrong,Cargo,1954
Passenger_786_2,786,Craig Hayes,Passenger,1934
Cargo_611,611,Lisa Ballard,Cargo,2023
Container_401,401,Gregory Parsons,Container,1912
Container_635_3,635,Monique Lee,Container,1960
Container_972,972,Edwin Collins,Container,1963
Tanker_412,412,Alicia Benitez,Tanker,1959
Passenger_153_2,153,Daryl Howard,Passenger,2014
Passenger_409_2,409,Philip Hensley,Passenger,1952
Tanker_840_2,840,Gary Serrano,Tanker,2020
Passenger_217,217,Duane Martinez,Passenger,1908
Passenger_950,950,Jason Holmes,Passenger,1991
Container_588,588,Craig Ross,Container,1973
Cargo_602,602,Olivia Brown,Cargo,1929
Cargo_317_2,317,Veronica Sanders,Cargo,1928
Passenger_921_2,921,Michael Bender,Passenger,1989
Tanker_36,36,Scott Donovan,Tanker,1979
Passenger_298,298,Paula Perez,Passenger,1975
Passenger_418_2,418,Scott Blair,Passenger,1906
Container_477,477,Kristina Bradshaw,Container,1974
Cargo_474,474,Linda Torres,Cargo,2021
Container_148_2,148,Gregory Mclean,Container,1902
Tanker_225,225,Peter Allen,Tanker,1958
Passenger_95_3,95,Sara Warner,Passenger,1961
Cargo_573,573,Michele Pena,Cargo,2011
Tanker_351,351,Abigail Greene,Tanker,1935
Passenger_566,566,Kirk Chen,Passenger,1958
Container_590,590,Bobby Mendoza,Container,1988
Container_702,702,Laura Vazquez,Container,1907
Tanker_547_2,547,Robert Martinez,Tanker,1999
Passenger_648,648,Franklin Gardner,Passenger,2001
Container_587,587,Brittany Brown,Container,1989
Passenger_653,653,Robyn Wright,Passenger,1980
Passenger_617,617,Norman Brown,Passenger,1992
Tanker_316,316,Carla King,Tanker,1996
Tanker_246,246,Stanley Higgins,Tanker,2012
Passenger_788,788,Matthew Williams,Passenger,1953
Container_343,343,Leslie Lopez,Container,1956
Cargo_549,549,Michael Dickson,Cargo,1979
Cargo_197,197,Nicholas Ramirez,Cargo,1923
Container_431,431,Dr. Haley Solis,Container,2006
Passenger_530,530,Kenneth Collins,Passenger,1995
Tanker_626,626,Walter Wilson,Tanker,1978
Container_526,526,John Walters,Container,1937
Passenger_361,361,Rachel Mcneil,Passenger,1943
Cargo_962,962,Barbara Vaughn,Cargo,1953
Cargo_513_2,513,Katie Roberts,Cargo,1982
